"wave","m1","m2","m3","m4","m5","m6","s1","s2","s3","s4","s5","s6","t1","t2","t3","t4","t5","t6"
340,1.776,1.586,3.684,2.598,3.172,2.416,2.28,2.47,2,3.274,2.53,2.588,1.892,1.536,0.764,0.932,1.826,1.748
350,1.71333333333333,1.505,3.575,2.51166666666667,3.09333333333333,2.35833333333333,2.27666666666667,2.43666666666667,1.95,3.19833333333333,2.485,2.51333333333333,1.655,1.22833333333333,0.69,0.821666666666667,1.69166666666667,1.61666666666667
360,1.71714285714286,1.48428571428571,3.61,2.53857142857143,3.11142857142857,2.37571428571429,2.32857142857143,2.46714285714286,1.94857142857143,3.25285714285714,2.5,2.51428571428571,1.61285714285714,1.12142857142857,0.652857142857143,0.804285714285714,1.62285714285714,1.56857142857143
370,1.71166666666667,1.48,3.63333333333333,2.555,3.13833333333333,2.39333333333333,2.38166666666667,2.49333333333333,1.95166666666667,3.34,2.53333333333333,2.53,1.57833333333333,1.07,0.626666666666667,0.768333333333333,1.58833333333333,1.54166666666667
380,1.77,1.51571428571429,3.70428571428571,2.62428571428571,3.19857142857143,2.44857142857143,2.46285714285714,2.54857142857143,2.00428571428571,3.45571428571429,2.61428571428571,2.58857142857143,1.58857142857143,1.06,0.61,0.778571428571429,1.59285714285714,1.55
390,1.81,1.53857142857143,3.75142857142857,2.68,3.23428571428571,2.49428571428571,2.53857142857143,2.6,2.03285714285714,3.58285714285714,2.69285714285714,2.64142857142857,1.55857142857143,1.05571428571429,0.598571428571429,0.767142857142857,1.56714285714286,1.55571428571429
400,1.81142857142857,1.53714285714286,3.74285714285714,2.69285714285714,3.23285714285714,2.51285714285714,2.59714285714286,2.63142857142857,2.04285714285714,3.68428571428571,2.76285714285714,2.67285714285714,1.48857142857143,1.07,0.577142857142857,0.754285714285714,1.54571428571429,1.56285714285714
410,1.85714285714286,1.56571428571429,3.81285714285714,2.74428571428571,3.29,2.56142857142857,2.66,2.67571428571429,2.08285714285714,3.82142857142857,2.85142857142857,2.73857142857143,1.48571428571429,1.14142857142857,0.575714285714286,0.77,1.59,1.61857142857143
420,1.95857142857143,1.64,4.03142857142857,2.86285714285714,3.47,2.65,2.75571428571429,2.76142857142857,2.16714285714286,4.01857142857143,3,2.86571428571429,1.58,1.27857142857143,0.607142857142857,0.828571428571429,1.69571428571429,1.72714285714286
430,2.10571428571429,1.75714285714286,4.38857142857143,3.04142857142857,3.76571428571429,2.77857142857143,2.87714285714286,2.88142857142857,2.30428571428571,4.26285714285714,3.19285714285714,3.04142857142857,1.78857142857143,1.45142857142857,0.67,0.904285714285714,1.85285714285714,1.86285714285714
440,2.27285714285714,1.88714285714286,4.81714285714286,3.26142857142857,4.10857142857143,2.93,2.99714285714286,3.01,2.47,4.50714285714286,3.39428571428571,3.21714285714286,2.07714285714286,1.64857142857143,0.75,0.981428571428571,2.02285714285714,1.99571428571429
450,2.45857142857143,2.03571428571429,5.27571428571429,3.53,4.47857142857143,3.10142857142857,3.12142857142857,3.14285714285714,2.65142857142857,4.74428571428571,3.59857142857143,3.39428571428571,2.47857142857143,1.9,0.857142857142857,1.06857142857143,2.23,2.13142857142857
460,2.63142857142857,2.17857142857143,5.63857142857143,3.77428571428571,4.76714285714286,3.26714285714286,3.23,3.24714285714286,2.81,4.95285714285714,3.78857142857143,3.54714285714286,2.86142857142857,2.14857142857143,0.951428571428571,1.15,2.41,2.24714285714286
470,2.76,2.28142857142857,5.87714285714286,3.95142857142857,4.95428571428571,3.39714285714286,3.31857142857143,3.32285714285714,2.92142857142857,5.11857142857143,3.95428571428571,3.66285714285714,3.14285714285714,2.34857142857143,1.01714285714286,1.20857142857143,2.52714285714286,2.31714285714286
480,2.87714285714286,2.37571428571429,6.07571428571429,4.11,5.09857142857143,3.51857142857143,3.40142857142857,3.38714285714286,3.02142857142857,5.27428571428571,4.10857142857143,3.77571428571429,3.39142857142857,2.53428571428571,1.07285714285714,1.26428571428571,2.63857142857143,2.38142857142857
490,3.03714285714286,2.51,6.31571428571429,4.30571428571429,5.28857142857143,3.66428571428571,3.49285714285714,3.46857142857143,3.15142857142857,5.44857142857143,4.27857142857143,3.91428571428571,3.72285714285714,2.79142857142857,1.15,1.34571428571429,2.79714285714286,2.50714285714286
500,3.28571428571429,2.69428571428571,6.72857142857143,4.64,5.63428571428571,3.88142857142857,3.62,3.59,3.33714285714286,5.64571428571429,4.47571428571429,4.09285714285714,4.28714285714286,3.09571428571429,1.28285714285714,1.47428571428571,3.03571428571429,2.70857142857143
510,3.71142857142857,3.03857142857143,7.41857142857143,5.17571428571429,6.20142857142857,4.19571428571429,3.76857142857143,3.78571428571429,3.67285714285714,5.93571428571429,4.73142857142857,4.37571428571429,5.29285714285714,3.69285714285714,1.51571428571429,1.70285714285714,3.51,3.09428571428571
520,4.41857142857143,3.62428571428571,8.6,6.06571428571429,7.17857142857143,4.70428571428571,4.01,4.12285714285714,4.23857142857143,6.37285714285714,5.09714285714286,4.83857142857143,7.09571428571429,4.66571428571429,1.95,2.13428571428571,4.38714285714286,3.84
530,5.20571428571429,4.27857142857143,9.88285714285714,7.03857142857143,8.25285714285714,5.25714285714286,4.29,4.49571428571429,4.83857142857143,6.83,5.49571428571429,5.34571428571429,9.05571428571429,5.71714285714286,2.44142857142857,2.63857142857143,5.4,4.67714285714286
540,5.75285714285714,4.82142857142857,10.5614285714286,7.50857142857143,8.66857142857143,5.54571428571429,4.38285714285714,4.68857142857143,5.26857142857143,7.22428571428571,5.73714285714286,5.72285714285714,10.1828571428571,6.52285714285714,2.74714285714286,2.90857142857143,6.01285714285714,5.22142857142857
550,6.2475,5.02,11.34,8.28625,9.51625,6.0425,4.66,4.9975,5.51375,7.49375,6.1325,6.01625,10.945,6.625,2.9125,3.10875,6.4225,5.4825
560,6.32,5.12714285714286,11.4314285714286,8.30857142857143,9.50714285714286,6.09,4.75142857142857,5.02857142857143,5.6,7.61714285714286,6.23714285714286,6.12857142857143,11.29,6.63142857142857,3.02285714285714,3.11,6.37571428571429,5.44142857142857
570,6.11857142857143,4.97285714285714,10.8957142857143,7.98571428571429,9.03142857142857,5.95857142857143,4.67571428571429,4.88,5.41142857142857,7.56714285714286,6.22428571428571,6.01571428571429,10.5842857142857,6.72142857142857,2.81285714285714,2.89,5.96285714285714,5.00571428571429
580,5.79857142857143,4.68285714285714,10.2828571428571,7.56428571428571,8.50714285714286,5.77428571428571,4.59857142857143,4.70285714285714,5.13857142857143,7.43857142857143,6.17,5.83142857142857,9.62,6.28714285714286,2.55,2.60571428571429,5.38142857142857,4.47
590,5.58571428571429,4.49571428571429,9.82714285714286,7.27142857142857,8.13,5.64571428571429,4.53714285714286,4.56,4.93857142857143,7.33857142857143,6.12571428571429,5.69571428571429,8.94428571428571,6.05285714285714,2.36857142857143,2.43,5.02,4.12571428571429
600,5.50625,4.40625,9.605,7.13875,7.95125,5.615,4.52,4.4875,4.85875,7.3175,6.1575,5.66375,8.5775,5.85,2.26625,2.33375,4.82375,3.93875
610,5.36714285714286,4.30285714285714,9.31285714285714,6.93571428571429,7.68428571428571,5.54285714285714,4.49714285714286,4.39428571428571,4.76285714285714,7.28571428571429,6.16571428571429,5.60857142857143,8.15,5.70285714285714,2.16571428571429,2.23857142857143,4.61857142857143,3.71714285714286
620,5.17142857142857,4.13571428571429,8.93571428571429,6.66714285714286,7.36,5.43714285714286,4.45714285714286,4.27285714285714,4.60428571428571,7.22142857142857,6.15714285714286,5.50571428571429,7.58,5.46857142857143,2.03428571428571,2.12571428571429,4.37142857142857,3.47428571428571
630,5.09428571428571,4.08142857142857,8.75285714285714,6.57,7.20714285714286,5.42428571428571,4.45571428571429,4.21,4.53857142857143,7.22428571428571,6.2,5.48571428571429,7.31285714285714,5.45714285714286,1.97285714285714,2.09,4.29142857142857,3.37142857142857
640,5.01,4.0025,8.5525,6.4375,7.05875,5.41375,4.47,4.14625,4.46375,7.2225,6.255,5.45125,6.97375,5.2325,1.88875,2.0325,4.17125,3.23375
650,4.75857142857143,3.78571428571429,8.08428571428571,6.09857142857143,6.69142857142857,5.28285714285714,4.40714285714286,3.99428571428571,4.24714285714286,7.11285714285714,6.21571428571429,5.29285714285714,6.17714285714286,4.88285714285714,1.69571428571429,1.89142857142857,3.91,2.98714285714286
660,4.51125,3.6,7.6625,5.77375,6.3175,5.15,4.3575,3.86125,4.06875,7.02,6.18,5.17125,5.4875,4.5675,1.55375,1.795,3.68,2.7825
670,4.18285714285714,3.38285714285714,7.13142857142857,5.37,5.85285714285714,4.97428571428571,4.30142857142857,3.68714285714286,3.85285714285714,6.87857142857143,6.1,5.00571428571429,4.63571428571429,4.31285714285714,1.38714285714286,1.69285714285714,3.40571428571429,2.55428571428571
680,4.20428571428571,3.39857142857143,7.08571428571429,5.38428571428571,5.79,5.03,4.31,3.67714285714286,3.85428571428571,6.94714285714286,6.20285714285714,5.05,4.44857142857143,4.33714285714286,1.35428571428571,1.7,3.47857142857143,2.56
690,5.055,4.04,8.35375,6.4175,6.90375,5.6325,4.68,4.08125,4.44875,7.48875,6.725,5.58,6.555,4.965,1.85125,2.105,4.22875,3.14375
700,7.23,5.86714285714286,11.3742857142857,9.01285714285714,9.43428571428571,7.02142857142857,5.35714285714286,5.07714285714286,6.02857142857143,8.63571428571429,7.71285714285714,7.00285714285714,11.7085714285714,7.80714285714286,3.13142857142857,3.37,6.61428571428571,5.11428571428571
710,10.1775,8.3125,15.005,12.1675,12.7225,8.80625,6.23875,6.36375,8.0375,9.985,8.91125,8.8175,17.6225,10.88875,4.8075,5.385,10.1125,8.16
720,13.0642857142857,10.7228571428571,18.1685714285714,15.0914285714286,15.9128571428571,10.5314285714286,7.04428571428571,7.57428571428571,9.81428571428571,11.1428571428571,10.0057142857143,10.4842857142857,22.7857142857143,13.9942857142857,6.49142857142857,7.88428571428571,13.9742857142857,11.7128571428571
730,15.90625,13.06375,21.2275,17.96375,19.2525,12.27375,7.85375,8.81375,11.5125,12.2475,11.12875,12.155,27.555,16.7375,8.2625,10.77,17.925,15.51875
740,17.9328571428571,14.7942857142857,23.3071428571429,19.8714285714286,21.4771428571429,13.4742857142857,8.42142857142857,9.70142857142857,12.8257142857143,13.0485714285714,11.9371428571429,13.4285714285714,31.0214285714286,18.7942857142857,9.67428571428571,13.0457142857143,20.7885714285714,16.4157142857143
750,19.0125,15.72875,24.28375,20.845,22.59,14.11375,8.7625,10.2,13.58875,13.5175,12.4325,14.17625,32.88125,19.9925,10.50625,14.39625,22.37375,16.23375
760,19.51,16.17625,24.34,21.07625,22.76625,14.29625,8.88875,10.36625,13.915,13.7825,12.6875,14.53,33.85,20.93,10.9325,15.17875,23.29625,19.4925
770,19.7942857142857,16.3828571428571,24.86,21.7271428571429,23.4614285714286,14.6842857142857,9.16714285714286,10.7057142857143,14.1828571428571,13.9842857142857,13.0714285714286,14.8957142857143,34.1271428571429,20.7757142857143,11.0914285714286,15.5214285714286,23.5614285714286,20.04
780,19.96375,16.555,24.71625,21.64125,23.27875,14.685,9.2475,10.75625,14.41125,14.1075,13.1625,15.075,34.595,21.195,11.25875,15.72125,23.81375,19.68875
790,20.0975,16.66625,24.625,21.71125,23.25125,14.76125,9.3475,10.83625,14.53,14.22125,13.32125,15.22625,34.87,21.47625,11.35375,15.945,24.065,21.215
800,20.23,16.7825,24.62625,21.84625,23.30625,14.88,9.4625,10.935,14.66375,14.34125,13.5,15.385,35.12,21.7,11.45,16.16375,24.31625,21.47625
810,20.3675,16.91375,24.61,21.9675,23.28875,14.99,9.55375,11,14.77625,14.42875,13.62375,15.50625,35.44,22.00125,11.57375,16.36,24.5625,21.645
820,20.43375,16.9925,24.56,22.10625,23.38125,15.0775,9.615,11.0675,14.78125,14.5025,13.785,15.57625,35.53625,22.24375,11.64125,16.6075,24.86375,21.90875
830,20.58875,17.13125,24.745,22.35375,23.56875,15.2475,9.74,11.18125,14.9375,14.61375,13.955,15.75125,35.77875,22.3175,11.72875,16.7325,25.0225,22.01375
840,20.75125,17.29125,24.88375,22.4925,23.69375,15.3675,9.82625,11.2725,15.135,14.73875,14.095,15.94625,36.02125,22.45,11.825,16.8625,25.185,22.0475
850,20.90625,17.445,24.94125,22.56,23.72,15.4525,9.8875,11.32125,15.30125,14.83,14.1775,16.08625,36.335,22.68375,11.9425,16.98625,25.35125,22.10125
860,21.0425,17.57125,25.04625,22.73875,23.86875,15.5675,9.96,11.3975,15.4075,14.90125,14.29,16.2,36.52125,22.81,12.03125,17.14,25.5275,22.2225
870,21.15625,17.68625,25.09375,22.85375,23.91,15.64875,10.0125,11.4375,15.50875,14.97375,14.37875,16.29875,36.75,22.98875,12.12375,17.28625,25.71625,22.33125
880,21.2444444444444,17.7811111111111,25.1277777777778,22.99,23.9655555555556,15.7322222222222,10.0733333333333,11.4877777777778,15.57,15.0277777777778,14.4822222222222,16.3844444444444,36.9611111111111,23.1444444444444,12.2033333333333,17.4266666666667,25.8866666666667,22.4366666666667
890,21.30875,17.85875,25.0975,23.08125,23.9425,15.7925,10.13125,11.51,15.6175,15.0675,14.55125,16.43625,37.17,23.3175,12.29,17.5525,26.04,22.54
900,21.2366666666667,17.8277777777778,24.88,23.0777777777778,23.8411111111111,15.7711111111111,10.1222222222222,11.4855555555556,15.4944444444444,15.0377777777778,14.5844444444444,16.3677777777778,37.1688888888889,23.5411111111111,12.3411111111111,17.7388888888889,26.2833333333333,22.7722222222222
910,21.29,17.88625,24.8775,23.1775,23.84,15.8625,10.15,11.48375,15.5125,15.065,14.6325,16.4075,37.31875,23.67625,12.38875,17.86,26.4825,22.9325
920,21.3266666666667,17.9488888888889,25.0322222222222,23.4844444444444,24.0744444444444,15.9877777777778,10.2411111111111,11.5788888888889,15.5333333333333,15.1211111111111,14.7766666666667,16.4777777777778,37.2155555555556,23.5733333333333,12.4,17.9455555555556,26.5688888888889,22.9977777777778
930,21.06,17.82625,24.20125,22.6175,23.02625,15.56125,9.94,11.17125,15.30125,14.88375,14.33625,16.1875,37.39375,24.395,12.53625,17.9775,26.72625,22.945
940,20.6022222222222,17.4677777777778,24.3511111111111,22.9422222222222,23.4777777777778,15.57,9.99888888888889,11.1988888888889,15.05,14.7933333333333,14.4188888888889,15.9444444444444,36.2955555555556,23.7855555555556,12.3922222222222,17.8444444444444,26.6744444444444,23.1977777777778
950,20.43875,17.40125,24.18625,22.88,23.26875,15.58625,9.93625,11.11625,14.96375,14.83125,14.425,15.92625,36.30375,23.7675,12.2775,17.74375,26.7975,23.11375
960,20.14,17.2377777777778,24.0788888888889,22.7555555555556,23.1911111111111,15.5722222222222,9.95444444444444,11.1277777777778,14.8022222222222,14.7366666666667,14.4377777777778,15.9288888888889,35.63,23.1166666666667,11.9555555555556,17.2188888888889,26.2788888888889,22.4288888888889
970,20.21625,17.365,24.17125,22.79125,23.165,15.55125,10.08375,11.2125,14.9325,14.86,14.525,16.1075,35.3125,22.635,11.775,16.7675,25.8575,21.74625
980,20.1411111111111,17.3744444444444,23.8977777777778,22.4877777777778,22.8588888888889,15.42,10.0488888888889,11.1522222222222,15.0077777777778,14.9133333333333,14.5488888888889,16.1755555555556,35.5188888888889,22.8966666666667,11.8388888888889,16.8977777777778,25.9844444444444,21.6855555555556
990,20.282,17.47,24.122,22.676,23.006,15.562,10.102,11.204,15.154,14.972,14.636,16.248,35.726,22.924,11.896,16.982,26.072,21.594
1000,20.6533333333333,17.7333333333333,24.2533333333333,22.9433333333333,23.1833333333333,15.7,10.2066666666667,11.3633333333333,15.4366666666667,15.1133333333333,14.7866666666667,16.4333333333333,36.15,23.14,11.8966666666667,17.13,26.1433333333333,21.5566666666667
1010,20.915,17.945,24.47,23.185,23.52,15.94,10.315,11.505,15.65,15.24,14.95,16.61,36.575,23.425,12.045,17.45,26.44,21.86
1020,21.22,18.2033333333333,24.7366666666667,23.51,23.7866666666667,16.19,10.45,11.65,15.9233333333333,15.38,15.1366666666667,16.8033333333333,37.0333333333333,23.7366666666667,12.1866666666667,17.78,26.7033333333333,22.1
1030,21.5533333333333,18.4733333333333,24.9366666666667,23.7966666666667,24.0166666666667,16.41,10.5633333333333,11.7833333333333,16.16,15.5033333333333,15.28,16.99,37.5733333333333,24.0833333333333,12.3233333333333,18.11,26.9733333333333,22.3566666666667
1040,21.75,18.65,25.055,23.98,24.195,16.53,10.63,11.875,16.315,15.575,15.38,17.1,37.94,24.325,12.455,18.365,27.175,22.595
1050,21.96,18.8066666666667,25.1733333333333,24.1666666666667,24.3333333333333,16.68,10.6966666666667,11.9566666666667,16.4366666666667,15.66,15.47,17.2033333333333,38.2333333333333,24.57,12.5933333333333,18.5833333333333,27.3466666666667,22.8133333333333
1060,22.105,18.92,25.235,24.285,24.42,16.78,10.76,12.01,16.545,15.715,15.535,17.28,38.47,24.745,12.67,18.76,27.495,22.96
1070,22.1766666666667,18.9966666666667,25.2466666666667,24.3466666666667,24.4433333333333,16.84,10.7933333333333,12.0366666666667,16.5833333333333,15.7366666666667,15.5733333333333,17.33,38.6166666666667,24.8866666666667,12.7366666666667,18.8866666666667,27.58,23.09
1080,22.2266666666667,19.06,25.2033333333333,24.3733333333333,24.4166666666667,16.8733333333333,10.8066666666667,12.0333333333333,16.6066666666667,15.75,15.5833333333333,17.3433333333333,38.7066666666667,25.0033333333333,12.7333333333333,18.9466666666667,27.6133333333333,23.1266666666667
1090,22.245,19.095,25.1,24.325,24.3,16.865,10.81,11.995,16.585,15.735,15.57,17.31,38.69,25.03,12.645,18.88,27.535,23.005
1100,22.2133333333333,19.05,24.9133333333333,24.24,24.15,16.8066666666667,10.7866666666667,11.9166666666667,16.47,15.67,15.49,17.1966666666667,38.55,25.0366666666667,12.4733333333333,18.7766666666667,27.4266666666667,22.86
1110,22.24,19.07,24.56,24.015,23.725,16.66,10.715,11.72,16.37,15.57,15.275,17,38.29,24.85,12.045,18.33,26.905,22.17
1120,21.59,18.4833333333333,23.4733333333333,22.96,22.9533333333333,15.8933333333333,10.3966666666667,11.3133333333333,15.8166666666667,15.1966666666667,14.8333333333333,16.46,36.6766666666667,24.3233333333333,11.35,17.69,26.2533333333333,21.4566666666667
1130,20.4733333333333,17.7966666666667,23.6833333333333,22.88,23.17,16.0566666666667,10.28,11.2433333333333,15.4933333333333,15.2033333333333,15.02,16.4533333333333,35.85,24.3966666666667,12.1533333333333,18.2,27.61,22.9766666666667
1140,20.18,17.705,23.545,22.65,22.775,16.02,10.335,11.135,15.36,15.21,14.91,16.355,35.585,23.58,11.68,17.39,26.805,21.855
1150,19,16.79,22.7366666666667,21.68,22.13,15.49,10.0666666666667,10.8566666666667,14.6966666666667,14.9633333333333,14.69,15.9866666666667,33.66,22.28,11.2066666666667,16.4066666666667,26.0933333333333,20.9266666666667
1160,18.47,16.55,22.5366666666667,21.2,21.6566666666667,15.3166666666667,10.01,10.66,14.4933333333333,14.9233333333333,14.6466666666667,15.8933333333333,32.72,20.9533333333333,10.7566666666667,15.4866666666667,25.0933333333333,19.53
1170,18.51,16.645,22.385,21.03,21.33,15.245,9.99,10.6,14.51,14.905,14.565,15.875,32.505,20.315,10.35,14.925,24.33,18.56
1180,18.5566666666667,16.6766666666667,22.2933333333333,20.94,21.2066666666667,15.21,10.0133333333333,10.5733333333333,14.55,14.9266666666667,14.5533333333333,15.87,32.4233333333333,20.1166666666667,10.18,14.76,24.02,18.2233333333333
1190,18.4933333333333,16.66,22.2666666666667,20.8833333333333,21.19,15.2166666666667,10.0166666666667,10.5866666666667,14.5566666666667,14.9633333333333,14.6066666666667,15.9133333333333,32.28,19.9933333333333,10.17,14.7433333333333,23.9933333333333,18.1633333333333
1200,18.565,16.725,22.28,20.92,21.195,15.25,10.03,10.615,14.615,15.015,14.655,15.955,32.335,20.015,10.18,14.77,23.98,18.15
1210,18.74,16.8533333333333,22.4033333333333,21.11,21.3233333333333,15.3733333333333,10.11,10.6766666666667,14.7433333333333,15.0966666666667,14.7433333333333,16.0933333333333,32.61,20.3233333333333,10.31,14.9666666666667,24.1533333333333,18.4033333333333
1220,19.0766666666667,17.1566666666667,22.6233333333333,21.39,21.5533333333333,15.55,10.2,10.8,14.97,15.24,14.8933333333333,16.2733333333333,33.07,20.8466666666667,10.5166666666667,15.2633333333333,24.4133333333333,18.7633333333333
1230,19.355,17.4,22.875,21.685,21.82,15.73,10.32,10.935,15.185,15.365,15.045,16.46,33.505,21.265,10.72,15.555,24.655,19.085
1240,19.65,17.64,23.05,21.91,21.99,15.8866666666667,10.4066666666667,11.0266666666667,15.38,15.48,15.15,16.6133333333333,33.9266666666667,21.6333333333333,10.86,15.78,24.8266666666667,19.3166666666667
1250,19.855,17.825,23.17,22.095,22.11,16.01,10.475,11.105,15.515,15.56,15.235,16.735,34.23,21.925,10.955,15.975,24.96,19.51
1260,20.0533333333333,17.9866666666667,23.2366666666667,22.24,22.19,16.1366666666667,10.5366666666667,11.14,15.6266666666667,15.64,15.3233333333333,16.82,34.4833333333333,22.1966666666667,11.0033333333333,16.15,25.0733333333333,19.6533333333333
1270,20.1033333333333,18.05,23.3633333333333,22.3733333333333,22.3833333333333,16.24,10.57,11.23,15.7033333333333,15.7433333333333,15.4566666666667,16.9466666666667,34.6466666666667,22.47,11.2066666666667,16.4433333333333,25.44,20.0533333333333
1280,20.1033333333333,18.0733333333333,23.37,22.3766666666667,22.3333333333333,16.2666666666667,10.6033333333333,11.21,15.74,15.7533333333333,15.46,16.9533333333333,34.6333333333333,22.45,11.1733333333333,16.36,25.3566666666667,19.94
1290,20.01,18.015,23.22,22.24,22.135,16.205,10.59,11.13,15.66,15.715,15.39,16.875,34.39,22.305,11.015,16.155,25.09,19.66
1300,19.7533333333333,17.8466666666667,22.9333333333333,21.9633333333333,21.8233333333333,16.07,10.5333333333333,10.9866666666667,15.47,15.6166666666667,15.27,16.72,33.8533333333333,22.02,10.78,15.8,24.69,19.2366666666667
1310,19.1733333333333,17.4,22.4133333333333,21.3966666666667,21.28,15.78,10.3833333333333,10.73,15.1,15.4333333333333,15.05,16.4066666666667,32.8466666666667,21.48,10.4,15.21,24.0833333333333,18.63
1320,18.495,16.895,21.78,20.705,20.57,15.4,10.165,10.39,14.645,15.17,14.74,16.025,31.535,20.71,9.925,14.44,23.21,17.765
1330,17.6333333333333,16.21,20.9833333333333,19.86,19.7733333333333,14.8966666666667,9.95,10.0033333333333,14.07,14.8433333333333,14.3233333333333,15.49,30.0833333333333,19.9466666666667,9.39,13.67,22.3,16.9433333333333
1340,16.8633333333333,15.5933333333333,20.0966666666667,18.92,18.6733333333333,14.37,9.67333333333333,9.49,13.5233333333333,14.4033333333333,13.78,14.87,28.3366666666667,19,8.69,12.61,20.8433333333333,15.6033333333333
1350,16.59,15.225,18.875,17.725,17.565,13.395,9.185,9.245,12.98,13.86,13.305,14.17,26.96,18.725,8.385,12.18,19.435,14.96
1360,15.93,14.5266666666667,17.8733333333333,16.2666666666667,16.9666666666667,12.4433333333333,8.33333333333333,8.79333333333333,12.1633333333333,13.3966666666667,12.47,13.3,25.1533333333333,17.52,8.16666666666667,11.7,18.94,14.07
1370,15.2166666666667,13.71,17.8666666666667,15.8433333333333,16.6066666666667,11.9366666666667,7.99333333333333,8.53333333333333,12.0066666666667,13.0466666666667,12.6333333333333,13.04,24.6466666666667,16.5933333333333,7.71,11.33,18.6866666666667,13.8966666666667
1380,15.525,14.115,17.335,15.12,15.925,12.095,8.25,8.585,11.88,12.875,12.375,12.71,24.2,16.695,7.695,10.88,18.39,13.32
1390,14.8733333333333,13.88,17.4533333333333,15.74,16.02,11.4466666666667,7.84666666666667,8.66333333333333,11.59,12.88,12.3,12.88,24.5,16.3333333333333,7.89666666666667,10.8366666666667,18.47,13.9166666666667
1400,14.6066666666667,13.4,17.1666666666667,15.0566666666667,16.4166666666667,12.0466666666667,7.87333333333333,8.12333333333333,11.6833333333333,13.04,12.2966666666667,12.2966666666667,23.9766666666667,16.2166666666667,7.89333333333333,10.8533333333333,18.0533333333333,13.3966666666667
1410,14.2866666666667,13.07,17.02,15.0466666666667,15.5033333333333,10.7933333333333,7.85666666666667,8.10333333333333,11.1633333333333,12.39,12.0266666666667,12.6433333333333,22.96,15.64,7.46333333333333,10.7633333333333,18.0766666666667,13.2
1420,12.42,11.475,15.405,13.425,14.215,11.26,6.975,7,10.09,11.935,11.195,11.195,21.15,14.805,6.935,9.47,16.2,12.055
1430,11.3133333333333,10.2266666666667,13.3533333333333,11.2066666666667,12.39,9.79666666666667,6.63666666666667,6.14333333333333,8.97333333333333,11.45,9.96,10.0366666666667,18.4033333333333,12.2733333333333,5.91333333333333,8.47666666666667,14.72,10.6033333333333
1440,9.22,8.66333333333333,12.2466666666667,10.3933333333333,10.46,9.10333333333333,6.09666666666667,5.57333333333333,7.76666666666667,10.2533333333333,9.55666666666667,8.91,15.2866666666667,10.7833333333333,4.92666666666667,7.38,12.8066666666667,8.88666666666667
1450,6.79,6.505,9.525,8.02,8.395,7.505,5.295,4.64,6.21,9.135,8.3,7.555,10.69,7.335,3.495,5.095,9.435,6.2
1460,6.09333333333333,5.96333333333333,8.93666666666667,7.46333333333333,7.62333333333333,7.17,5.14666666666667,4.28666666666667,5.79,8.79,7.88666666666667,7.10666666666667,9.11333333333333,6.78333333333333,2.86,4.30666666666667,7.95,5.11333333333333
1470,6.49666666666667,6.28333333333333,9.33333333333333,7.81333333333333,8.02,7.42,5.40333333333333,4.43666666666667,6.04,9.04666666666667,8.11,7.34333333333333,9.70333333333333,7.09,3.07,4.53666666666667,8.23666666666667,5.6
1480,6.24666666666667,6.11333333333333,9.32,7.72333333333333,8.07666666666667,7.42666666666667,5.29,4.48333333333333,5.95,9.06,8.25333333333333,7.34,9.35666666666667,6.66,2.91,4.32,8.12333333333333,5.34666666666667
1490,5.965,5.89,9.16,7.46,7.915,7.245,5.355,4.395,5.82,9.075,8.31,7.26,8.785,6.125,2.745,3.945,7.655,4.845
1500,6.15,6.13333333333333,9.41,7.64666666666667,7.99333333333333,7.39,5.41,4.46666666666667,5.95666666666667,9.2,8.39,7.54,8.99333333333333,6.32,2.66,3.88666666666667,7.59333333333333,4.75666666666667
1510,6.55,6.53666666666667,9.94,8.08333333333333,8.43666666666667,7.65,5.61666666666667,4.70666666666667,6.29,9.45666666666667,8.66333333333333,7.90666666666667,9.66666666666667,6.73666666666667,2.83666666666667,4.10333333333333,7.94333333333333,5.05
1520,7.01,7.01,10.5433333333333,8.59333333333333,8.99666666666667,7.99,5.83666666666667,4.95666666666667,6.66,9.77,8.98,8.32666666666667,10.5233333333333,7.21666666666667,3.08,4.4,8.47666666666667,5.44
1530,7.43,7.405,11.055,9.025,9.465,8.265,6.02,5.17,6.975,10.02,9.23,8.675,11.24,7.635,3.28,4.66,8.94,5.795
1540,7.82,7.81,11.5533333333333,9.46666666666667,9.93666666666667,8.54666666666667,6.19333333333333,5.38666666666667,7.28,10.2633333333333,9.47,8.98666666666667,11.9433333333333,8.05333333333333,3.48666666666667,4.95,9.39,6.17
1550,8.30333333333333,8.25333333333333,12.0933333333333,9.96333333333333,10.46,8.86333333333333,6.4,5.63333333333333,7.62,10.51,9.73666666666667,9.37333333333333,12.8366666666667,8.57333333333333,3.76666666666667,5.28,9.96,6.63333333333333
1560,8.76666666666667,8.69333333333333,12.6033333333333,10.4466666666667,10.9466666666667,9.17,6.58333333333333,5.85333333333333,7.94666666666667,10.7466666666667,9.98333333333333,9.72,13.6366666666667,9.07333333333333,4.01333333333333,5.60666666666667,10.4866666666667,7.08
1570,9.125,9.015,13.01,10.835,11.35,9.425,6.725,6.025,8.21,10.945,10.2,9.99,14.285,9.475,4.235,5.88,10.935,7.465
1580,9.45666666666667,9.33333333333333,13.39,11.1866666666667,11.76,9.65666666666667,6.86666666666667,6.20666666666667,8.44666666666667,11.1333333333333,10.3966666666667,10.2533333333333,14.88,9.79666666666667,4.43666666666667,6.15333333333333,11.4033333333333,7.84
1590,9.85666666666667,9.71,13.8333333333333,11.61,12.1766666666667,9.93666666666667,7.03333333333333,6.39333333333333,8.73,11.3466666666667,10.6166666666667,10.5566666666667,15.6033333333333,10.2133333333333,4.65333333333333,6.44666666666667,11.8866666666667,8.22
1600,10.2766666666667,10.0966666666667,14.2666666666667,12.03,12.6033333333333,10.2133333333333,7.18333333333333,6.6,9.03666666666667,11.5733333333333,10.8566666666667,10.8733333333333,16.2966666666667,10.6366666666667,4.9,6.78333333333333,12.3866666666667,8.64333333333333
1610,10.58,10.4,14.615,12.355,12.98,10.45,7.335,6.765,9.275,11.78,11.075,11.145,16.855,10.96,5.1,7.055,12.845,9.01
1620,10.8766666666667,10.67,14.9266666666667,12.6633333333333,13.2733333333333,10.65,7.45333333333333,6.9,9.50666666666667,11.9466666666667,11.2466666666667,11.3666666666667,17.3933333333333,11.2533333333333,5.27333333333333,7.29666666666667,13.22,9.29666666666667
1630,11.2033333333333,10.9766666666667,15.2633333333333,12.98,13.5933333333333,10.8633333333333,7.57666666666667,7.04,9.73333333333333,12.1066666666667,11.4233333333333,11.6,17.96,11.5766666666667,5.47,7.55666666666667,13.58,9.60333333333333
1640,11.5233333333333,11.2666666666667,15.6066666666667,13.2966666666667,13.9433333333333,11.1066666666667,7.69,7.17333333333333,9.92,12.2666666666667,11.59,11.8,18.4933333333333,11.8766666666667,5.67333333333333,7.81,13.9833333333333,9.92333333333333
1650,11.725,11.455,15.865,13.53,14.175,11.285,7.765,7.24,10.045,12.385,11.695,11.92,18.88,12.1,5.805,7.995,14.3,10.15
1660,11.82,11.52,15.9633333333333,13.6133333333333,14.2533333333333,11.3533333333333,7.77666666666667,7.26,10.0633333333333,12.3966666666667,11.7166666666667,11.9433333333333,19.0666666666667,12.1266666666667,5.86333333333333,8.07666666666667,14.4066666666667,10.2133333333333
1670,11.7533333333333,11.4566666666667,15.8966666666667,13.5366666666667,14.1966666666667,11.2933333333333,7.73,7.23,10.0166666666667,12.35,11.66,11.8966666666667,18.9766666666667,11.92,5.83666666666667,8.04,14.3566666666667,10.1466666666667
1680,11.6266666666667,11.34,15.7566666666667,13.3466666666667,14.0333333333333,11.1766666666667,7.67666666666667,7.16666666666667,9.92,12.2633333333333,11.5733333333333,11.8,18.73,11.5066666666667,5.75666666666667,7.92,14.14,9.94333333333333
1690,11.43,11.17,15.585,13.15,13.845,11.07,7.61,7.085,9.8,12.175,11.475,11.695,18.435,11.005,5.66,7.78,13.925,9.685
1700,11.2333333333333,10.98,15.39,12.9466666666667,13.6466666666667,10.94,7.52333333333333,6.99666666666667,9.68,12.0666666666667,11.3833333333333,11.5633333333333,18.1333333333333,10.4666666666667,5.55333333333333,7.63333333333333,13.7066666666667,9.42666666666667
1710,10.9333333333333,10.7166666666667,15.0933333333333,12.6566666666667,13.3533333333333,10.7566666666667,7.41333333333333,6.86,9.48,11.9466666666667,11.2366666666667,11.36,17.6933333333333,9.97,5.42333333333333,7.43666666666667,13.4033333333333,9.10333333333333
1720,10.6633333333333,10.4566666666667,14.7866666666667,12.3833333333333,13.0466666666667,10.5766666666667,7.29666666666667,6.72333333333333,9.28,11.7733333333333,11.0766666666667,11.16,17.22,9.63333333333333,5.28,7.22333333333333,13.0466666666667,8.80666666666667
1730,10.49,10.3,14.565,12.205,12.84,10.455,7.235,6.645,9.17,11.68,10.98,11.055,16.865,9.49,5.18,7.09,12.8,8.635
1740,10.3033333333333,10.14,14.34,12.0033333333333,12.6633333333333,10.3333333333333,7.16333333333333,6.54333333333333,9.03,11.58,10.9033333333333,10.92,16.51,9.32666666666667,5.07333333333333,6.95333333333333,12.5733333333333,8.44666666666667
1750,9.98,9.85333333333333,13.9833333333333,11.67,12.29,10.1166666666667,7.05333333333333,6.4,8.82666666666667,11.4166666666667,10.7133333333333,10.7,15.93,9.03,4.9,6.70666666666667,12.2166666666667,8.14
1760,9.68666666666667,9.57,13.59,11.3533333333333,11.91,9.90666666666667,6.92333333333333,6.21666666666667,8.59333333333333,11.23,10.5133333333333,10.4666666666667,15.38,8.73333333333333,4.74666666666667,6.49666666666667,11.7666666666667,7.82333333333333
1770,9.49333333333333,9.40333333333333,13.29,11.1333333333333,11.6133333333333,9.74333333333333,6.85,6.11333333333333,8.43666666666667,11.0366666666667,10.3166666666667,10.2866666666667,14.93,8.61,4.67,6.35666666666667,11.4466666666667,7.63666666666667
1780,9.385,9.29,13.095,10.985,11.525,9.67,6.765,6.085,8.35,10.94,10.245,10.165,14.745,8.595,4.705,6.395,11.355,7.605
1790,9.59,9.49333333333333,13.1866666666667,11.12,11.46,9.71,6.81333333333333,6.03666666666667,8.44666666666667,10.8766666666667,10.15,10.2,14.8766666666667,8.82,4.75333333333333,6.51,11.4166666666667,7.76333333333333
1800,10.37,10.18,13.6266666666667,11.4933333333333,11.9833333333333,9.92333333333333,6.90333333333333,6.30666666666667,8.90666666666667,11.04,10.2666666666667,10.39,15.7866666666667,9.76333333333333,5.25333333333333,7.33666666666667,12.2433333333333,8.54333333333333
1810,11.9966666666667,11.4566666666667,15.12,12.8733333333333,13.2633333333333,10.6333333333333,7.35666666666667,7.25333333333333,9.80333333333333,11.6966666666667,11.0866666666667,11.29,18.1966666666667,11.8166666666667,6.18333333333333,8.72333333333333,14.3533333333333,10.1533333333333
1820,13.39,12.7433333333333,16.45,14.3466666666667,14.5033333333333,11.5933333333333,7.42,7.65666666666667,10.92,12.0933333333333,11.4333333333333,11.9766666666667,21.04,14.0866666666667,7.10333333333333,9.82333333333333,16.49,11.95
1830,13.82,13.255,17.185,14.915,15.225,10.695,7.54,7.785,11.225,12.13,11.675,12.58,21.425,14.35,7.57,10.18,17.245,12.28
1840,14.3766666666667,12.7966666666667,17.5166666666667,14.5666666666667,15.1566666666667,12.0066666666667,7.41,8.20666666666667,11.4333333333333,12.7233333333333,12.0733333333333,12.7233333333333,22.4666666666667,14.9133333333333,7.54666666666667,10.3133333333333,17.68,12.71
1850,14.0733333333333,13.25,17.1933333333333,14.69,15.3233333333333,11.5866666666667,7.76666666666667,7.94,11.82,12.8433333333333,11.4866666666667,12.33,22.0766666666667,15.16,7.29666666666667,10.5466666666667,17.8466666666667,12.47
1860,14.2533333333333,13.3766666666667,16.8866666666667,14.9166666666667,15.1333333333333,10.3033333333333,7.54666666666667,8.26,11.3066666666667,12.74,12.21,12.5666666666667,22.1933333333333,15.4833333333333,7.32666666666667,10.7933333333333,17.5033333333333,12.8333333333333
1870,14.58,13.225,17.29,16.275,15.595,11.185,7.735,8.01,11.875,12.71,12.43,12.155,22.955,15.1,7.545,10.695,18.24,12.58
1880,14.5833333333333,14.12,17.13,15.51,15.2766666666667,12.27,7.22333333333333,7.98666666666667,11.9766666666667,13.69,12.1666666666667,12.5466666666667,22.39,14.7133333333333,7.46,10.66,17.9066666666667,12.5733333333333
1890,14.3166666666667,13.3833333333333,17.3733333333333,15.7333333333333,15.2566666666667,11.0333333333333,7.88333333333333,8.46,11.54,12.8866666666667,12.1166666666667,12.5,23.2466666666667,15.79,7.67,11.1833333333333,18.6366666666667,12.9433333333333
1900,12.1825,11.1733333333333,15.1825,9.64,9.975,7.595,7.2875,6.48,8.285,10.625,9.585,8.1675,17.9125,12.25,6.34,9.2575,18.0225,11.015
1910,9.75333333333333,8.03333333333333,8.5,3.34,7.90333333333333,2.58,10.8066666666667,7.75666666666667,9.06333333333333,3.53666666666667,7.85,6.45,15.3466666666667,10.5733333333333,3.55333333333333,9.12333333333333,5.48,9.77666666666667
1920,8.02,10.7,13.4625,7.91,4.255,4.175,7.44,6.275,10.295,6.13,3.46,2.855,7.695,8.9025,3.57,8.29,4.7775,10.1525
1930,12.875,5.01,9.17,6.61666666666667,2.27,4.81,7.75333333333333,6.7925,2.565,6.995,2.27,2.22,12.475,5.105,7.63333333333333,7.015,11.14,7.125
1940,8.52,6.6875,7.8025,8.655,2.68333333333333,5.18666666666667,6.405,6.86,4.9425,8.1975,3.23,1.335,6.735,9.555,7.895,6.2675,5.2875,4.4975
1950,4.26,6.01,5.07333333333333,4.94666666666667,2.49666666666667,4.66333333333333,4.50333333333333,3.60666666666667,3.42666666666667,6.11,1.41666666666667,4.43333333333333,4.14333333333333,4.82333333333333,5.23,3.87333333333333,2.92333333333333,3.05666666666667
1960,3.98,3.7425,5.7625,2.435,2.14666666666667,3.195,4.1525,3.91,4.405,6.425,3.49,4.3975,5.0625,2.8925,2.94333333333333,4.1675,3.385,3.05666666666667
1970,2.8875,2.8125,4.4375,3.8925,3.3275,3.91,3.335,2.135,3.1375,5.4275,4.39,3.3125,3.58,1.915,1.0975,2.235,3.38,2.2975
1980,2.695,2.5175,4.1625,3.73,3.0325,3.9875,3.1875,2.275,2.9025,5.735,4.71,3.4275,3.11,1.7725,0.8575,1.985,3.1,2.09
1990,2.95333333333333,2.68666666666667,4.24333333333333,4.04333333333333,3.16,4.4,3.18666666666667,2.28666666666667,3.03333333333333,5.73,4.90333333333333,3.84333333333333,3.21333333333333,2.07666666666667,1.07,2.04333333333333,3.32,1.89666666666667
2000,3.3375,3.1775,4.665,4.3175,3.585,4.48,3.585,2.5,3.405,5.985,5.205,4.0625,3.795,2.6425,1.145,2.28,3.7775,2.3875
2010,3.76,3.37,5.4225,4.6375,3.86,4.735,3.7775,2.56,3.59,6.2825,5.505,4.3675,4.97,3.215,1.31,2.89,4.3975,2.815
2020,3.66,3.2225,5.4175,4.7625,4.2075,5.2,3.76,2.62,3.725,6.5575,5.5525,4.5075,4.4975,2.9375,1.43,2.6225,4.495,2.73
2030,3.3175,3.38,5.2775,4.595,4.2475,5.0075,3.685,2.64,3.605,6.52,5.78,4.6425,4.07,2.62,1.2975,2.2875,4.0275,2.3725
2040,3.5075,3.4725,5.4525,4.745,4.2575,5.025,3.73,2.7425,3.6525,6.5825,5.84,4.6775,4.195,2.7475,1.24,2.2725,4.035,2.3675
2050,3.5675,3.605,5.7425,4.895,4.355,5.0725,3.76,2.955,3.765,6.5525,5.895,4.8475,4.4875,2.9225,1.3875,2.3825,4.115,2.46
2060,3.78,3.69666666666667,5.81666666666667,4.93666666666667,4.48666666666667,5.13,3.76333333333333,2.75666666666667,3.76333333333333,6.58,5.86666666666667,4.75333333333333,4.62333333333333,3.01,1.44,2.38666666666667,4.15666666666667,2.57333333333333
2070,3.695,3.6325,5.9375,5.1025,4.5525,4.94,3.8075,2.84,3.7775,6.6075,5.9375,4.8375,4.56,2.95,1.51,2.36,4.285,2.595
2080,3.76,3.7275,5.975,5.065,4.69,5.17,3.78,2.8975,3.7575,6.6725,5.9025,4.9225,4.7275,2.9975,1.4025,2.2975,4.285,2.5075
2090,3.825,3.9025,6.155,5.245,4.835,5.245,3.8075,2.9625,3.87,6.7225,5.985,5.005,4.92,3.12,1.4925,2.36,4.4825,2.6
2100,4.015,4.0225,6.3725,5.4,5.015,5.3175,3.895,3.075,3.96,6.8275,6.035,5.03,5.1575,3.3125,1.5625,2.435,4.595,2.745
2110,4.26,4.19,6.6975,5.5575,5.3,5.45,3.9425,3.175,4.045,6.9325,6.255,5.345,5.6475,3.455,1.6875,2.6525,4.8575,3.01
2120,4.5,4.4375,7.0525,5.9075,5.6475,5.635,4.08,3.2675,4.195,7.08,6.3275,5.45,6.0675,3.6975,1.76,2.8675,5.2125,3.225
2130,4.5675,4.635,7.2375,6.065,5.7675,5.74,4.1425,3.2925,4.3825,7.195,6.495,5.6225,6.3025,3.81,1.855,2.84,5.39,3.305
2140,4.6525,4.755,7.385,6.1025,5.8525,5.8325,4.1675,3.385,4.45,7.305,6.4925,5.7075,6.4275,3.9625,1.91,2.8675,5.51,3.315
2150,4.78,4.8375,7.4075,6.4,6.045,5.9875,4.2675,3.5075,4.575,7.3775,6.565,5.8375,6.785,4.0275,1.9975,2.97,5.7025,3.54
2160,4.9125,5.0025,7.7,6.3775,6.1575,6.0475,4.32,3.5675,4.685,7.495,6.7825,5.9175,7.0425,4.245,2.065,3.185,5.9,3.645
2170,5.0325,5.0575,7.79,6.54,6.39,5.9975,4.3775,3.6,4.71,7.5225,6.875,6.0325,7.205,4.405,2.15,3.2125,6.0975,3.7375
2180,5.03,5.1975,7.75,6.52,6.2575,6.0825,4.4225,3.6,4.7775,7.6,6.8325,6.07,7.21,4.2475,2.1375,3.175,6.0625,3.805
2190,4.89,5.13,7.7425,6.415,6.1725,6.0975,4.335,3.5075,4.63,7.495,6.7625,5.9425,7.0575,4.305,2.06,3.1375,5.99,3.61
2200,4.904,5.158,7.694,6.338,6.242,5.952,4.308,3.45,4.69,7.494,6.798,5.998,7.046,4.24,2.138,3.09,5.854,3.542
2210,4.91,5.0775,7.605,6.3375,6.2625,6.0775,4.4,3.515,4.6425,7.4875,6.8525,5.9925,7.0475,4.17,2.185,3.01,5.91,3.6225
2220,4.8725,5.0925,7.7725,6.3875,6.28,5.91,4.4,3.56,4.665,7.49,6.885,6.04,7.1025,4.2725,2.105,3.025,6.06,3.605
2230,4.9525,5.0875,7.6675,6.3425,6.255,5.9075,4.2275,3.48,4.5875,7.38,6.7025,5.915,6.965,4.105,2.045,2.9625,5.82,3.485
2240,4.7825,4.9025,7.4875,6.255,6.085,5.9175,4.1525,3.415,4.53,7.2075,6.5825,5.7425,6.63,3.9175,1.915,2.99,5.73,3.3275
2250,4.63,4.7325,7.3975,6.0425,5.8525,5.7025,4.015,3.2675,4.26,6.9775,6.3175,5.475,6.575,3.695,1.89,2.8225,5.44,3.2825
2260,4.49,4.54,7.125,5.84,5.5425,5.465,3.9525,3.21,4.0775,6.735,6.1,5.19,6.27,3.405,1.8075,2.845,5.1875,3.11
2270,4.16,4.228,6.792,5.564,5.358,5.342,3.818,3.02,4.036,6.582,5.814,5.072,5.838,3.128,1.72,2.576,5.042,2.78
2280,4.1725,4.0525,6.575,5.42,5.17,5.29,3.7525,3,3.94,6.5275,5.7625,4.995,5.545,2.9675,1.59,2.5375,4.9375,2.65
2290,3.9325,3.955,6.4875,5.215,5.025,5.3125,3.6275,2.93,3.6925,6.46,5.7125,4.7675,5.3925,2.9225,1.5475,2.4475,4.575,2.6275
2300,3.92,3.7975,6.27,5.24,4.8275,5.045,3.5775,2.8725,3.5875,6.23,5.495,4.635,5.275,2.715,1.455,2.38,4.34,2.5175
2310,3.804,3.826,6.17,5.05,4.846,4.892,3.558,2.776,3.56,6.2,5.514,4.592,5.118,2.626,1.478,2.312,4.252,2.418
2320,3.8225,3.685,6.195,5.015,4.6525,4.915,3.3975,2.8325,3.665,6.2,5.1825,4.44,4.945,2.475,1.5375,2.2625,4.2625,2.4875
2330,3.635,3.6875,6.0175,4.9125,4.4625,4.75,3.435,2.74,3.4475,5.9825,5.285,4.1825,4.8275,2.6425,1.4175,2.3375,4.1325,2.6275
2340,3.614,3.512,5.798,4.868,4.506,4.738,3.482,2.836,3.354,5.97,5.178,4.15,4.894,2.688,1.518,2.324,4.15,2.454
2350,3.53,3.585,5.7025,4.7925,4.3375,4.6075,3.4525,2.89,3.34,5.73,5.1975,4.17,4.9525,2.6975,1.3825,2.0775,4.1525,2.4975
2360,3.57,3.5625,5.755,4.88,4.505,4.61,3.5325,2.695,3.5025,5.8675,4.95,4.2375,4.8175,2.775,1.6575,2.225,4.2125,2.815
2370,4.04,3.968,6.316,5.264,4.73,4.98,3.522,2.988,3.838,5.924,5.152,4.44,5.922,3.39,1.902,2.826,4.954,3.2
2380,4.205,4.22,6.1825,5.6925,4.865,5.225,3.6675,3.275,3.9125,5.975,5.295,4.6,6.815,3.78,1.86,3.1475,5.5675,3.0075
2390,3.618,3.782,5.52,4.826,4.64,4.85,3.504,2.48,3.352,5.602,4.89,3.874,5.358,3.256,2.126,2.664,4.874,2.608
2400,3.2225,3.3625,5.2625,4.4225,3.4475,4.0825,3.215,2.67,3.0475,5.645,4.495,3.6125,4.87,2.69,1.75,2.5075,4.27,2.4
2410,3.2275,3.67,5.39,4.5025,4.0425,4.28,3.1325,2.71,3.515,5.1325,5.02,3.5225,5.3825,2.5675,1.8925,3.1325,4.405,2.885
2420,3.284,3.38,4.962,5.274,4.268,3.994,3.122,2.732,2.768,5.214,4.036,3.718,5.194,2.984,1.406,3.562,4.53,2.894
2430,3.61,2.515,5.6925,3.6925,3.2125,4.6325,3.1575,2.4575,3.105,5.09,4.2675,3.38,5.4,2.6175,1.93,2.76,3.315,2.9275
2440,3.724,3.902,5.128,4.312,3.898,4.654,3.26,2.786,3.098,5.274,4.374,3.094,5.908,3.184,1.84,3.504,4.362,2.616
2450,4.63,3.78,5.666,4.088,3.594,3.694,3.214,2.93,2.974,4.198,4.864,2.128,7.272,3.942,2.432,3.128,4.856,2.47
2460,3.3425,2.86,5.1575,5.275,2.9475,3.2,2.825,2.4775,2.7825,4.4675,3.7825,2.75,6.7075,3.415,1.605,2.0775,4.7175,2.3525
2470,3.658,3.79,5.49,3.902,3.614,4.172,4.252,3.782,3.55,3.672,3.224,2.384,7.696,4.018,5.358,3.26,6.482,4.328
2480,7.29,4.7825,4.525,5.175,3.42,4.3825,6.2425,4.935,3.88,4.0575,2.7675,3.7,10.2075,7.1675,5.5725,3.6325,11.615,4.385
2490,6.488,4.27,5.722,4.0175,2.872,4.16,5.59,10.526,6.4325,5.2775,3.30666666666667,1.52333333333333,12.598,8.452,4.612,11.122,10.654,5.09666666666667
2500,6.802,8.704,5.28,8.545,4.546,3.76666666666667,8.88,5.716,5.398,7.924,3.495,2.70333333333333,12.754,10.202,8.988,7.888,11.914,7.948
2510,6.6075,7.225,9.18,3.14,3.175,6.5825,5.1075,9.34,3.4125,7.2175,2.26,2.995,19.195,9.08,8.70666666666667,7.05,7.06,7.45333333333333
2520,8.54,11.27,6.215,4.65,8.69,11.415,8,7.3,5.17,3.53,4.47,6.44,16.72,9.08,3.51,9.39,10.375,2.735
